emailAddress,link,name,phone
,https://www.yellowpages.com/new-york-ny/mip/printing-inc-10336075,,(212) 581-4633
mailto:globalcopyny@yahoo.com,https://www.yellowpages.com/new-york-ny/mip/global-copy-2988131?lid=1000106255864,,(212) 222-2679
mailto:paperhoodinfo@gmail.com,https://www.yellowpages.com/new-york-ny/mip/paperhood-heat-transfer-paper-supplies-21714530?lid=1000116812472,,(212) 279-0650
mailto:accinc552@yahoo.com,https://www.yellowpages.com/new-york-ny/mip/advanced-copy-center-inc-8780131?lid=1002004274057,,(917) 920-3058
,https://www.yellowpages.com/new-york-ny/mip/global-copy-480009177?lid=187787065,,(212) 222-2679
mailto:photomission@earthlink.net,https://www.yellowpages.com/new-york-ny/mip/photo-mission-ltd-522185339?lid=1001394051479,,(212) 972-8701
mailto:randomhouse@randomhouse.com,https://www.yellowpages.com/new-york-ny/mip/crown-publishers-inc-480289287?lid=1001780789437,,(347) 348-0038
mailto:us722@alphagraphics.com,https://www.yellowpages.com/new-york-ny/mip/alphagraphics-544564624,,(212) 564-0200
mailto:store6670@theupsstore.com,https://www.yellowpages.com/new-york-ny/mip/the-ups-store-458100144,,(212) 960-8728
mailto:info@wqcontheweb.com,https://www.yellowpages.com/new-york-ny/mip/wqc-design-studio-474983118,,(800) 293-9729
mailto:usa0231@fedex.com,https://www.yellowpages.com/new-york-ny/mip/fedex-office-print-ship-center-502816246,,(212) 406-1220
,https://www.yellowpages.com/new-york-ny/mip/staples-472900727,,(212) 927-0467
,https://www.yellowpages.com/new-york-ny/mip/inkolor-media-464814202,,(347) 705-2934
,https://www.yellowpages.com/new-york-ny/mip/fairway-studios-495966190,,(212) 279-2939
mailto:info@printboyz.com,https://www.yellowpages.com/new-york-ny/mip/printboyz-466789538,,(646) 688-2735
mailto:fais@copy4less.com,https://www.yellowpages.com/new-york-ny/mip/copy4lessny-472962969,,(646) 383-3458
mailto:chris@graphiclabinc.com,https://www.yellowpages.com/new-york-ny/mip/graphic-lab-printing-nyc-inc-477071728,,(212) 682-1815
mailto:usa@businessmachinesusa.com,https://www.yellowpages.com/new-york-ny/mip/business-machines-usa-478330070,,(212) 564-1511
,https://www.yellowpages.com/new-york-ny/mip/nu-image-print-462583156,,(917) 887-2774
mailto:info@relatecreative.com,https://www.yellowpages.com/new-york-ny/mip/relate-creative-468525350,,(347) 770-4132
mailto:copy57@aol.com,https://www.yellowpages.com/new-york-ny/mip/57th-st-copy-center-467149053,,(212) 581-8046
mailto:info@bigapplecopy.com,https://www.yellowpages.com/new-york-ny/mip/big-apple-copy-center-3611527,,(212) 962-4282
mailto:jbprintny@gmail.com,https://www.yellowpages.com/new-york-ny/mip/jb-screen-printing-embroidery-521160926,,(718) 799-6765
mailto:midtownscreenprinting@gmail.com,https://www.yellowpages.com/new-york-ny/mip/midtown-screen-printing-embroidery-529228125,,(718) 799-6765
mailto:rushprinting247@gmail.com,https://www.yellowpages.com/new-york-ny/mip/rush-hour-screen-printing-embroidery-529163304,,(718) 799-6765
mailto:info@customdisplaysolutions.com,https://www.yellowpages.com/new-york-ny/mip/custom-display-solutions-554233735,,(646) 499-4028
mailto:Jesse.Safir@abgprint.com,https://www.yellowpages.com/new-york-ny/mip/abg-print-533418386,,(212) 398-1010
mailto:walter@pioneercopier.com,https://www.yellowpages.com/new-york-ny/mip/print-city-505134111,,(212) 630-9979
mailto:lukasgraphics@yahoo.com,https://www.yellowpages.com/new-york-ny/mip/lukas-graphics-19483318,,(212) 253-9447
,https://www.yellowpages.com/new-york-ny/mip/atlantic-blueprint-co-inc-453330881,,(212) 755-3388
